{
  "timestamp": "2026-03-08T14:33:13.683907+00:00",
  "raw_prices": {
    "cad_usd": 0.7375718951225281,
    "gold": 5158.7001953125,
    "btc": 67258.4765625,
    "sp500": 6740.02001953125,
    "wheat": 616.75,
    "oil": 90.9000015258789,
    "reit": 15.859999656677246
  },
  "debasement": {
    "gold_oz_per_cad": 0.00014297630550283373,
    "btc_per_cad": 1.096622957906486e-05,
    "sp500_shares_per_cad": 0.00010943170687701076
  },
  "proxy_nowcast": {
    "basket_value_cad": 2861.611904394846
  }
}